{
  "eps1": 0.33,
  "eps2": 0.435,
  "eps3": 0.27,
  "f1": 0.780630105017503,
  "precision": 0.78475073313783,
  "recall": 0.7765525246662798
}